region_id,hab_type,status,year
1,land,0.3658234439081425,2014
1,land,0.3658234439081425,2015
1,land,0.3658234439081425,2016
1,land,0.3658234439081425,2017
1,land,0.3658234439081425,2018
1,land,0.3658234439081425,2019
1,land,0.3658234439081425,2020
